,accuracy,train/val/test/test2
0,0.5171102661596958,test
1,0.5285171102661597,test2
