best_model_train_loss,best_model_val_loss,best_model_train_acc,best_model_val_acc,best_model_learning_rate,best_model_nb_epoch
1.5611730813980103,0.47764718532562256,0.6590038537979126,0.7692307829856873,0.0001250000059371814,497
