precision,accuracy,recall,duration
0.4804333058046638,0.5285171102661597,0.5284382284382284,1582.7033865451813
