,accuracy,train/val/test/test2
0,0.467680608365019,test
1,0.46387832699619774,test2
