precision,accuracy,recall,duration
0.4148514015535292,0.46387832699619774,0.4637529137529137,1256.2261765003204
