precision,accuracy,recall,duration
0.4540352372833191,0.44594594594594594,0.4678571428571428,263.0157616138458
