,accuracy,train/val/test/test2
0,0.23722627737226276,test
1,0.10786699107866991,test2
