precision,accuracy,recall,duration
0.3264331873580412,0.10786699107866991,0.16722847576474803,672.9802870750427
