precision,accuracy,recall,duration
0.9746153846153847,0.9733333333333334,0.9733333333333333,300.8611958026886
