precision,accuracy,recall,duration
0.9845421245421245,0.9833333333333333,0.9833333333333333,301.90184259414673
