precision,accuracy,recall,duration
0.9362108924203641,0.9333333333333333,0.9333333333333335,46.17008376121521
