precision,accuracy,recall,duration
0.5988574267262792,0.7121951219512195,0.5471787577050735,514.1557147502899
