precision,accuracy,recall,duration
0.9843589743589745,0.9833333333333333,0.9833333333333333,260.99493312835693
