precision,accuracy,recall,duration
0.98125,0.9782608695652174,0.9779411764705882,131.6698501110077
