precision,accuracy,recall,duration
0.9282407407407408,0.9027777777777778,0.9027777777777778,569.9879093170166
