precision,accuracy,recall,duration
0.5198079231692677,0.52,0.5198079231692677,136.87393403053284
