precision,accuracy,recall,duration
0.8210227272727273,0.75,0.75,63.79624152183533
