,accuracy,train/val/test/test2
0,0.47297297297297297,test
1,0.43243243243243246,test2
