precision,accuracy,recall,duration
0.4354833161334709,0.43243243243243246,0.4595238095238095,259.72900581359863
