,accuracy,train/val/test/test2
0,0.9833333333333333,test
1,0.9866666666666667,test2
