precision,accuracy,recall,duration
0.9824175824175825,0.98,0.98,197.18621969223022
