precision,accuracy,recall,duration
0.9874358974358975,0.9866666666666667,0.9866666666666667,370.59059858322144
