precision,accuracy,recall,duration
0.9693406593406594,0.9666666666666667,0.9666666666666667,400.09754824638367
