precision,accuracy,recall,duration
0.9786446886446888,0.9766666666666667,0.9766666666666667,196.6108627319336
