precision,accuracy,recall,duration
0.9814185814185815,0.98,0.9800000000000001,252.75677609443665
