precision,accuracy,recall,duration
0.9881318681318682,0.9866666666666667,0.9866666666666667,379.5091531276703
