precision,accuracy,recall,duration
0.9871794871794871,0.9866666666666667,0.9866666666666667,201.71549272537231
