precision,accuracy,recall,duration
0.9831794871794872,0.98,0.98,314.17629170417786
