precision,accuracy,recall,duration
0.1939393939393939,0.1,0.1,700.6364922523499
