,accuracy,train/val/test/test2
0,0.5019011406844106,test
1,0.5133079847908745,test2
