precision,accuracy,recall,duration
0.4683010057471264,0.5133079847908745,0.5132867132867133,1578.3074278831482
