,accuracy,train/val/test/test2
0,0.8768115942028986,test
1,0.8768115942028986,test2
