precision,accuracy,recall,duration
0.8794354838709677,0.8768115942028986,0.8791732909379969,173.04134368896484
