precision,accuracy,recall,duration
0.9782051282051282,0.9766666666666667,0.9766666666666667,301.5487916469574
