,accuracy,train/val/test/test2
0,0.9733333333333334,test
1,0.9766666666666667,test2
