precision,accuracy,recall,duration
0.9790842490842492,0.9766666666666667,0.9766666666666667,379.41192150115967
