precision,accuracy,recall,duration
0.9801025641025641,0.9766666666666667,0.9766666666666667,206.78693556785583
