precision,accuracy,recall,duration
0.9694017094017094,0.9666666666666667,0.9666666666666667,389.74849009513855
