precision,accuracy,recall,duration
0.9817216117216119,0.98,0.98,263.82828998565674
