precision,accuracy,recall,duration
0.9516749916749916,0.9466666666666667,0.9466666666666668,391.6120102405548
