precision,accuracy,recall,duration
0.9858461538461539,0.9833333333333333,0.9833333333333333,200.98814511299133
