precision,accuracy,recall,duration
0.9817216117216117,0.98,0.98,382.5111310482025
