precision,accuracy,recall,duration
0.9871328671328672,0.9866666666666667,0.9866666666666667,199.53340077400208
