,accuracy,train/val/test/test2
0,0.34823529411764703,test
1,0.34823529411764703,test2
