precision,accuracy,recall,duration
0.3528815394422157,0.34823529411764703,0.34420559525854394,126.94593334197998
