precision,accuracy,recall,duration
0.5511272141706924,0.55,0.5508203281312525,132.28700351715088
