precision,accuracy,recall,duration
0.9786446886446888,0.9766666666666667,0.9766666666666667,303.4505443572998
