precision,accuracy,recall,duration
0.8579656454656456,0.8555555555555555,0.8555555555555555,90.1709852218628
