,accuracy,train/val/test/test2
0,0.3270588235294118,test
1,0.32588235294117646,test2
