precision,accuracy,recall,duration
0.33896420353517204,0.32588235294117646,0.32357289319287624,126.79682183265686
