precision,accuracy,recall,duration
0.5324302134646963,0.53,0.5316126450580232,125.30251741409302
