,accuracy,train/val/test/test2
0,0.9565217391304348,test
1,0.927536231884058,test2
