precision,accuracy,recall,duration
0.9468085106382979,0.927536231884058,0.9245098039215687,135.66597747802734
