,accuracy,train/val/test/test2
0,0.9861111111111112,test
1,0.9861111111111112,test2
