,accuracy,train/val/test/test2
0,0.4864864864864865,test
1,0.47297297297297297,test2
