precision,accuracy,recall,duration
0.5002176156503791,0.47297297297297297,0.4845238095238095,265.99650287628174
