precision,accuracy,recall,duration
0.9693406593406593,0.9666666666666667,0.9666666666666667,381.3461380004883
