precision,accuracy,recall,duration
0.9841025641025642,0.9833333333333333,0.9833333333333333,193.02925825119019
