precision,accuracy,recall,duration
0.9807692307692308,0.9766666666666667,0.9766666666666666,377.9888918399811
