precision,accuracy,recall,duration
0.9779020979020978,0.9766666666666667,0.9766666666666667,194.16938591003418
