precision,accuracy,recall,duration
0.9871328671328672,0.9866666666666667,0.9866666666666667,254.01288986206055
