precision,accuracy,recall,duration
0.9907692307692308,0.99,0.99,316.8389208316803
