precision,accuracy,recall,duration
0.9793406593406594,0.9766666666666667,0.9766666666666667,200.83354353904724
