precision,accuracy,recall,duration
0.9788764568764569,0.9766666666666667,0.9766666666666667,369.0259222984314
