,accuracy,train/val/test/test2
0,0.6444381384790011,test
1,0.6472758229284904,test2
