precision,accuracy,recall,duration
0.6474411374055475,0.6472758229284904,0.6472758229284903,2653.435181617737
