,accuracy,train/val/test/test2
0,0.8777777777777778,test
1,0.8777777777777778,test2
