precision,accuracy,recall,duration
0.8964682539682539,0.8777777777777778,0.8777777777777778,82.65443277359009
