precision,accuracy,recall,duration
0.21666666666666665,0.28,0.27999999999999997,705.5804579257965
