precision,accuracy,recall,duration
0.08095238095238096,0.12,0.12,702.9211463928223
