,accuracy,train/val/test/test2
0,0.4714828897338403,test
1,0.4714828897338403,test2
