precision,accuracy,recall,duration
0.4360632183908046,0.4714828897338403,0.4710955710955711,1251.7458336353302
