precision,accuracy,recall,duration
0.9167687513432194,0.9148148148148149,0.9148148148148149,63.90382742881775
