,accuracy,train/val/test/test2
0,0.9703703703703703,test
1,0.9703703703703703,test2
