precision,accuracy,recall,duration
0.9711319618812682,0.9703703703703703,0.9703703703703703,42.472535371780396
