,accuracy,train/val/test/test2
0,0.855072463768116,test
1,0.8623188405797102,test2
