precision,accuracy,recall,duration
0.8650326797385621,0.8623188405797102,0.8680445151033387,173.65263080596924
