,accuracy,train/val/test/test2
0,0.9027777777777778,test
1,0.9027777777777778,test2
