precision,accuracy,recall,duration
0.9205026455026455,0.9027777777777778,0.9027777777777778,475.9644272327423
