precision,accuracy,recall,duration
0.925462962962963,0.9027777777777778,0.9027777777777778,543.1589167118073
