precision,accuracy,recall,duration
0.978901098901099,0.9766666666666667,0.9766666666666667,314.0245695114136
