precision,accuracy,recall,duration
0.9782051282051282,0.9766666666666667,0.9766666666666667,311.9534935951233
