precision,accuracy,recall,duration
0.9700732600732601,0.9666666666666667,0.9666666666666667,319.5433442592621
