precision,accuracy,recall,duration
0.9812820512820514,0.98,0.98,332.01727390289307
