precision,accuracy,recall,duration
0.9333333333333333,0.925,0.925,47.43152570724487
