,accuracy,train/val/test/test2
0,0.4714828897338403,test
1,0.49049429657794674,test2
