precision,accuracy,recall,duration
0.43571473649787057,0.49049429657794674,0.4902097902097902,1252.613576412201
