,accuracy,train/val/test/test2
0,0.40705882352941175,test
1,0.40705882352941175,test2
