precision,accuracy,recall,duration
0.3967898419174452,0.40705882352941175,0.4047171581682212,134.72080850601196
