,accuracy,train/val/test/test2
0,0.8388888888888889,test
1,0.8555555555555555,test2
