precision,accuracy,recall,duration
0.8597574647574647,0.8555555555555555,0.8555555555555555,83.0563154220581
