,accuracy,train/val/test/test2
0,0.2826439578264396,test
1,0.18896999188969993,test2
