precision,accuracy,recall,duration
0.28469127009933365,0.18896999188969993,0.20429393855116745,674.1282513141632
