precision,accuracy,recall,duration
0.9267119085959666,0.9222222222222223,0.9222222222222222,69.65154361724854
