precision,accuracy,recall,duration
0.8872983870967742,0.8840579710144928,0.8865262321144673,162.5093593597412
