precision,accuracy,recall,duration
0.8856060606060607,0.875,0.875,76.81566977500916
