precision,accuracy,recall,duration
0.9078282828282829,0.9,0.8999999999999999,69.64558672904968
