precision,accuracy,recall,duration
0.6129877167630058,0.7121951219512195,0.5741465149359886,509.4890995025635
