,accuracy,train/val/test/test2
0,0.9148148148148149,test
1,0.9148148148148149,test2
