precision,accuracy,recall,duration
0.9151388103484838,0.9148148148148149,0.9148148148148149,67.43497037887573
