,accuracy,train/val/test/test2
0,0.33698296836982966,test
1,0.2708840227088402,test2
