precision,accuracy,recall,duration
0.38656241606391933,0.2708840227088402,0.20744080892127026,668.2760136127472
