,accuracy,train/val/test/test2
0,0.6427355278093076,test
1,0.6339387060158911,test2
