precision,accuracy,recall,duration
0.6339775445397559,0.6339387060158911,0.633938706015891,2662.6653509140015
