precision,accuracy,recall,duration
0.8538510101010102,0.85,0.8500000000000001,76.44328880310059
