precision,accuracy,recall,duration
0.9696703296703297,0.9666666666666667,0.9666666666666667,302.80107831954956
