,accuracy,train/val/test/test2
0,0.8666666666666667,test
1,0.8611111111111112,test2
