precision,accuracy,recall,duration
0.8607152107152108,0.8611111111111112,0.8611111111111112,85.1912293434143
