,accuracy,train/val/test/test2
0,0.9037037037037037,test
1,0.9074074074074074,test2
