precision,accuracy,recall,duration
0.9102961809759943,0.9074074074074074,0.9074074074074074,62.068506717681885
