precision,accuracy,recall,duration
0.9761904761904763,0.9722222222222222,0.9722222222222223,501.60795402526855
