,accuracy,train/val/test/test2
0,0.9855072463768116,test
1,0.9855072463768116,test2
