precision,accuracy,recall,duration
0.9871794871794872,0.9855072463768116,0.9852941176470589,135.96846199035645
