precision,accuracy,recall,duration
0.9147172703073325,0.9148148148148149,0.9148148148148149,63.47581696510315
