precision,accuracy,recall,duration
0.13404255319148936,0.18,0.18,4388.325327157974
