,accuracy,train/val/test/test2
0,0.5581725312145289,test
1,0.5513620885357549,test2
