precision,accuracy,recall,duration
0.5519599220964488,0.5513620885357549,0.5513620885357549,30699.516449928284
