,accuracy,train/val/test/test2
0,0.38235294117647056,test
1,0.38235294117647056,test2
