precision,accuracy,recall,duration
0.3824852720743319,0.38235294117647056,0.3832308080794109,129.41652703285217
