precision,accuracy,recall,duration
0.9850549450549451,0.9833333333333333,0.9833333333333334,374.2126245498657
