precision,accuracy,recall,duration
0.9843589743589743,0.9833333333333333,0.9833333333333333,313.7744936943054
