precision,accuracy,recall,duration
0.9824175824175825,0.98,0.98,192.3198471069336
