precision,accuracy,recall,duration
0.9783882783882784,0.9766666666666667,0.9766666666666667,259.1226704120636
