precision,accuracy,recall,duration
0.9791208791208791,0.9766666666666667,0.9766666666666667,194.49034571647644
