precision,accuracy,recall,duration
0.972051282051282,0.97,0.9700000000000002,382.7465612888336
