,accuracy,train/val/test/test2
0,0.4752851711026616,test
1,0.49049429657794674,test2
