precision,accuracy,recall,duration
0.45269799960756363,0.49049429657794674,0.49026806526806527,1253.3931505680084
