precision,accuracy,recall,duration
0.4336870026525199,0.47,0.47,16668.44578409195
