,accuracy,train/val/test/test2
0,0.9782608695652174,test
1,0.9710144927536232,test2
