precision,accuracy,recall,duration
0.975609756097561,0.9710144927536232,0.9696078431372549,142.95105910301208
