precision,accuracy,recall,duration
0.8669470834176717,0.85,0.8499999999999999,82.95884704589844
