,accuracy,train/val/test/test2
0,0.6438706015891033,test
1,0.6444381384790011,test2
