precision,accuracy,recall,duration
0.644540981519355,0.6444381384790011,0.6444381384790011,2685.5193564891815
