precision,accuracy,recall,duration
0.8883304195804196,0.875,0.875,70.87631058692932
