precision,accuracy,recall,duration
0.5415282392026578,0.52,0.52,16665.953238248825
