precision,accuracy,recall,duration
0.9623015873015873,0.9583333333333334,0.9583333333333334,538.9515662193298
