,accuracy,train/val/test/test2
0,0.8629629629629629,test
1,0.9111111111111111,test2
