precision,accuracy,recall,duration
0.9151912936518015,0.9111111111111111,0.9111111111111111,41.763376235961914
