precision,accuracy,recall,duration
0.9423076923076923,0.925,0.925,48.3250150680542
