,accuracy,train/val/test/test2
0,0.7024390243902439,test
1,0.7024390243902439,test2
