precision,accuracy,recall,duration
0.6150533223954061,0.7024390243902439,0.59975106685633,512.1565916538239
