,accuracy,train/val/test/test2
0,0.8333333333333334,test
1,0.8260869565217391,test2
