precision,accuracy,recall,duration
0.8435010367783478,0.8260869565217391,0.8282988871224166,175.88272070884705
