,accuracy,train/val/test/test2
0,0.8277777777777777,test
1,0.7777777777777778,test2
