precision,accuracy,recall,duration
0.6952153110047847,0.7777777777777778,0.7777777777777778,13.948804378509521
