precision,accuracy,recall,duration
0.9876923076923078,0.9866666666666667,0.9866666666666667,263.4746916294098
