accuracy,loss,val_accuracy,val_loss,learning_rate
0.5722222328186035,2.3720993995666504,0.6111111044883728,1.3765813112258911,0.0010000000474974513
0.8055555820465088,1.264983892440796,0.7222222089767456,0.6678822636604309,0.0010000000474974513
0.8388888835906982,1.0159156322479248,0.8333333134651184,0.2521618902683258,0.0010000000474974513
0.8388888835906982,0.8905989527702332,0.8333333134651184,0.40738287568092346,0.0010000000474974513
0.8666666746139526,0.7662152051925659,0.8333333134651184,0.4150580167770386,0.0010000000474974513
