precision,accuracy,recall,duration
0.03404255319148936,0.16,0.16,4381.119692325592
