,accuracy,train/val/test/test2
0,0.9222222222222223,test
1,0.9222222222222223,test2
