precision,accuracy,recall,duration
0.9290539933922287,0.9222222222222223,0.9222222222222224,48.30263829231262
