precision,accuracy,recall,duration
0.88125,0.825,0.825,85.68886733055115
