precision,accuracy,recall,duration
0.9195804195804196,0.9,0.9,50.53078246116638
