precision,accuracy,recall,duration
0.9545454545454546,0.95,0.95,44.43379282951355
