,accuracy,train/val/test/test2
0,0.9444444444444444,test
1,0.9444444444444444,test2
