precision,accuracy,recall,duration
0.9523809523809524,0.9444444444444444,0.9444444444444445,512.4168674945831
