precision,accuracy,recall,duration
0.5601488218272013,0.56,0.5582232893157263,125.84030485153198
