precision,accuracy,recall,duration
0.9847985347985349,0.9833333333333333,0.9833333333333333,312.4716989994049
