precision,accuracy,recall,duration
0.9756581196581198,0.9733333333333334,0.9733333333333333,253.8449318408966
