precision,accuracy,recall,duration
0.9815384615384616,0.98,0.98,198.6603696346283
