precision,accuracy,recall,duration
0.9766153846153847,0.9733333333333334,0.9733333333333333,194.9088478088379
