precision,accuracy,recall,duration
0.9533431013431013,0.95,0.95,389.6905879974365
