precision,accuracy,recall,duration
0.9814652014652016,0.98,0.9800000000000001,376.5586361885071
