precision,accuracy,recall,duration
0.9772727272727273,0.975,0.975,45.83829212188721
