,accuracy,train/val/test/test2
0,0.6814814814814815,test
1,0.9555555555555556,test2
