precision,accuracy,recall,duration
0.9578422310953368,0.9555555555555556,0.9555555555555556,43.715190172195435
