precision,accuracy,recall,duration
0.9742063492063493,0.9722222222222222,0.9722222222222223,499.5804326534271
