,accuracy,train/val/test/test2
0,0.7219512195121951,test
1,0.7170731707317073,test2
