precision,accuracy,recall,duration
0.6049749687108886,0.7170731707317073,0.5397700331910857,509.7613196372986
