,accuracy,train/val/test/test2
0,0.6532349602724177,test
1,0.6475595913734393,test2
