precision,accuracy,recall,duration
0.6477669171380207,0.6475595913734393,0.6475595913734393,2661.973997592926
