precision,accuracy,recall,duration
0.4315508021390374,0.32,0.32,702.0590889453888
