,accuracy,train/val/test/test2
0,0.5361216730038023,test
1,0.5247148288973384,test2
