precision,accuracy,recall,duration
0.47152523402523405,0.5247148288973384,0.5243589743589743,1576.0027968883514
