,accuracy,train/val/test/test2
0,0.6271282633371169,test
1,0.6259931895573212,test2
