precision,accuracy,recall,duration
0.6262940520100424,0.6259931895573212,0.6259931895573212,2682.2337687015533
