precision,accuracy,recall,duration
0.8856060606060607,0.875,0.875,68.1450846195221
