,accuracy,train/val/test/test2
0,0.9637681159420289,test
1,0.9565217391304348,test2
