precision,accuracy,recall,duration
0.9651162790697674,0.9565217391304348,0.9539215686274509,135.6239469051361
