precision,accuracy,recall,duration
0.43184456797072895,0.43243243243243246,0.47023809523809523,264.5153295993805
