precision,accuracy,recall,duration
0.07944444444444444,0.18,0.18,4380.126559257507
