precision,accuracy,recall,duration
0.48769651401230346,0.5,0.511904761904762,265.0918514728546
