,accuracy,train/val/test/test2
0,0.7268292682926829,test
1,0.7365853658536585,test2
