precision,accuracy,recall,duration
0.6598002496878901,0.7365853658536585,0.5910384068278806,508.2171185016632
