,accuracy,train/val/test/test2
0,0.3952941176470588,test
1,0.3776470588235294,test2
