precision,accuracy,recall,duration
0.37742854048734653,0.3776470588235294,0.3782881584339525,125.2322850227356
