,accuracy,train/val/test/test2
0,0.308191403081914,test
1,0.18896999188969993,test2
