precision,accuracy,recall,duration
0.26428456645238574,0.18896999188969993,0.19749474857294427,674.6655535697937
