,accuracy,train/val/test/test2
0,0.5641316685584563,test
1,0.565266742338252,test2
