precision,accuracy,recall,duration
0.5654154135411165,0.565266742338252,0.565266742338252,30798.84205842018
