precision,accuracy,recall,duration
0.9423076923076923,0.925,0.925,70.0640082359314
