precision,accuracy,recall,duration
0.035555555555555556,0.16,0.16,4382.220155954361
