,accuracy,train/val/test/test2
0,0.5437262357414449,test
1,0.5361216730038023,test2
