precision,accuracy,recall,duration
0.49212966368029454,0.5361216730038023,0.5357808857808858,1579.3710761070251
