,accuracy,train/val/test/test2
0,0.5513307984790875,test
1,0.5513307984790875,test2
