precision,accuracy,recall,duration
0.5033436768917712,0.5513307984790875,0.5515734265734266,1577.6525359153748
