precision,accuracy,recall,duration
0.5191919191919192,0.52,0.5190076030412165,126.96868395805359
