,accuracy,train/val/test/test2
0,0.9722222222222222,test
1,0.9722222222222222,test2
