,accuracy,train/val/test/test2
0,0.5057034220532319,test
1,0.49809885931558934,test2
