precision,accuracy,recall,duration
0.4540735497353962,0.49809885931558934,0.4979020979020979,1244.2221961021423
