,accuracy,train/val/test/test2
0,0.8913043478260869,test
1,0.8840579710144928,test2
