precision,accuracy,recall,duration
0.8875103391232424,0.8840579710144928,0.8889109697933227,164.42902755737305
