,accuracy,train/val/test/test2
0,0.8472222222222222,test
1,0.9166666666666666,test2
