precision,accuracy,recall,duration
0.9305555555555557,0.9166666666666666,0.9166666666666669,463.4645872116089
