precision,accuracy,recall,duration
0.8717171717171718,0.875,0.875,89.19420051574707
