precision,accuracy,recall,duration
0.9772727272727273,0.975,0.975,53.74723267555237
