precision,accuracy,recall,duration
0.9772727272727273,0.975,0.975,49.56963872909546
