precision,accuracy,recall,duration
0.5248015873015872,0.52,0.52,16667.898173332214
