precision,accuracy,recall,duration
0.28275132275132275,0.26,0.26,699.5754706859589
