,accuracy,train/val/test/test2
0,0.2964314679643147,test
1,0.17883211678832117,test2
