precision,accuracy,recall,duration
0.2693174595175011,0.17883211678832117,0.17638580156485464,678.0719051361084
